ID;Numero_Emenda;Autor;Objeto;Destinacao;Valor;Funcao;Subfuncao;Status
"001.06.17.2026";"001.06.17.2026";"Elsa Natal de Oliveira";"Oficinas de Educação Ambiental e Cidadania para crianças e adolescentes";"CUSTEIO";"350.000,00";"";"";"elaboração"
"002.06.14.2026";"002.06.14.2026";"Elsa Natal de Oliveira";"Fortalecimento de vínculos por meio de espaços de encontro, escuta e troca entre indivíduos, familia e comunidade, por meio de atividades socioeducativas, culturais, esportivas e de lazer.";"AMBOS";"400.000,00";"";"";"Não Inciada"
"003.06.12.2026";"003.06.12.2026";"Elsa Natal de Oliveira";"Oficinas de Artes Marciais para crianças e adolescentes";"CUSTEIO";"100.000,00";"";"";"Não Inciada"
"004.04.34.2026";"004.04.34.2026";"Délbio Camargo Teruel";"Equipamentos tecnológicos de monitoramento, coomunicação e capacitação para ações de prevenção, preparação e resposta frente a situações de risco e desastres naturais.";"AMBOS";"100.000,00";"";"";"Não Inciada"
"005.04.20.2026";"005.04.20.2026";"Délbio Camargo Teruel";"Curso de Atendimento pré- hospitalar tático para agentes da GCM e outros servidores atuantes em situações de emergência.";"CUSTEIO";"300.000,00";"";"";"Não Inciada"
"006.04.14.2026";"006.04.14.2026";"Délbio Camargo Teruel";"Adequação e manutenção da sede da instituição para atendimento da população em serviço de convivência e fortalecimento de vínculos.";"AMBOS";"160.668,85";"";"";"Não Inciada"
"007.04.30.2026";"007.04.30.2026";"Délbio Camargo Teruel";"Serviços especializados para pessoas com deficiência e seus cuidadores em situação de vulnerabilidade Social.";"CUSTEIO";"150.000,00";"";"";"Não Inciada"
"008.04.12.2026";"008.04.12.2026";"Délbio Camargo Teruel";"Fomentar a prática esportiva de Futsal de forma integrativa e formativa.";"CUSTEIO";"150.000,00";"";"";"Não Inciada"
"009.04.02.2026";"009.04.02.2026";"Délbio Camargo Teruel";"Aquisição de Equipamentos e material de consumo para ensinar costura para pessoas em situação de vulnerabilidade e mobilizar a cidade em corrente de solidariedade";"AMBOS";"63.000,00";"";"";"Não Inciada"
"010.04.14.2026";"010.04.14.2026";"Délbio Camargo Teruel";"Encontro intergeracional entre idosos e jovens por meio da arte, cultura e sustentabilidade para geração de renda e estimulo de protagonismo social.";"CUSTEIO";"150.000,00";"";"";"Não Inciada"
"011.04.12.2026";"011.04.12.2026";"Délbio Camargo Teruel";"Promover ambiente esportivo mais saudável, equiilibrado e acolhedor com foco na saúde mental de atletas.";"CUSTEIO";"78.000,00";"";"";"Não Inciada"
"012.11.08.2026";"012.11.08.2026";"Gilmeiron Medeiros";"Cobertura da rampa de acessibilidade da EMEIEF SAAD BECHARA no bairro Piratininga";"INVESTIMENTO";"15.000,00";"";"";"Não Inciada"
"013.15.14.2026";"013.15.14.2026";"Laércio Patrício de Mendonça";"Ações Voltadas ao acesso a alimentação saudável e gratuitas para pessoas em situação de vulnerabilidade, formação de pessoas em panificação, empregabilidade e empreendedorismo.";"AMBOS";"120.000,00";"";"";"Não Inciada"
"014.15.15.2026";"014.15.15.2026";"Laércio Patrício de Mendonça";"Aulas de dança e cultura chinesa para crianças e adolescentes";"CUSTEIO";"120.000,00";"";"";"Não Inciada"
"015.15.14.2026";"015.15.14.2026";"Laércio Patrício de Mendonça";"Oficinas socioeducativas para convivência e fortalecimento de vínculos para crianças e adolescentes";"CUSTEIO";"50.000,00";"";"";"Não Inciada"
"016.15.07.2026";"016.15.07.2026";"Laércio Patrício de Mendonça";"Dinamicas em Grupo para Jovens em situação de vulnerabilidade, apoio para prevenção de evasão escolar e exposição ao crime, ampliação de oportunidades e direitos";"CUSTEIO";"200.000,00";"";"";"Não Inciada"
"017.14.02.2026";"017.14.02.2026";"Josias Nascimento de Jesus";"Recursos para o Fundo Especial de Manutenção de Serviços de Bombeiros";"CUSTEIO";"25.000,00";"";"";"Não Inciada"
"018.14.09.2026";"018.14.09.2026";"Josias Nascimento de Jesus";"Construção de uma sala na área externa da UBS Jaguaribe destinada a atividades cotidianas dos agentes comunitários de saúde.";"AMBOS";"300.000,00";"";"";"Não Inciada"
"019.14.08.2026";"019.14.08.2026";"Josias Nascimento de Jesus";"Reforma da quadra poliesportiva da EE José Ribeiro de Souza";"CUSTEIO";"150.000,00";"";"";"Não Inciada"
"020.14.12.2026";"020.14.12.2026";"Josias Nascimento de Jesus";"Aquisição de Materiais esportivos e destinados a competição e valorização do Esporte Amador";"CUSTEIO";"100.000,00";"";"";"Não Inciada"
"021.14.09.2026";"021.14.09.2026";"Josias Nascimento de Jesus";"Núcleo Terapeutico Multidiciplinar para pessoas com autismo";"CUSTEIO";"101.668,85";"";"";"Não Inciada"
"022.14.11.2026";"022.14.11.2026";"Josias Nascimento de Jesus";"Ações de gestão de resíduo sólidos e educação ambiental, coleta seletiva , manejo de resíduos reciclaveis, limpeza urbana, varrição de vias públicas, estimulo a sustentabilidade.";"AMBOS";"75.000,00";"";"";"Não Inciada"
"023.15.32.2026";"023.15.32.2026";"Laércio Patrício de Mendonça";"Capacitação em defesa pessoal e educação sobre prevenção ao assédio para mulheres acima de 18 anos com prioridade para situações de vulnerabilidade e regiões de maior incidência de violência";"CUSTEIO";"50.000,00";"";"";"Não Inciada"
"024.15.12.2026";"024.15.12.2026";"Laércio Patrício de Mendonça";"Apoio para equipes e atletas que representam a cidade de Osasco em modalidades esportivas.";"CUSTEIO";"50.000,00";"";"";"Não Inciada"
"025.09.09.2026";"025.09.09.2026";"Francisca Jenilúcia Ribeiro de Andrade";"Qualificação das atividades de reabilitação com aquisição de novos equipamentos para o centro de reabilitação para pessoas com deficiência.";"INVESTIMENTO";"151.668,85";"";"";"Não Inciada"
"026.07.09.2026";"026.07.09.2026";"Emerson Marcio Vitalino";"Fomento as atividades de saúde da população de Osasco";"AMBOS";"1.380.000,00";"";"";"Não Inciada"
"027.15.14.2026";"027.15.14.2026";"Laércio Patrício de Mendonça";"Aquisição de veículo para atendimento a população em projetos voltados para oficinas de idiomas, cursos profissionalizantes, atendimento psicologico e apoio ao imigrante.";"INVESTIMENTO";"120.000,00";"";"";"Não Inciada"
"028.19.11.2026";"028.19.11.2026";"Rodrigo Mendes Pascoto";"Melhoria da da fachada do mercado municipal.";"CUSTEIO";"91.668,85";"";"";"Não Inciada"
"029.19.12.2026";"029.19.12.2026";"Rodrigo Mendes Pascoto";"Inclusão Social e desenvolvimento de Futebol de Campo Base para crianças e adolescentes de famílias de baixa renda";"CUSTEIO";"100.000,00";"";"";"Não Inciada"
"030.19.14.2026";"030.19.14.2026";"Rodrigo Mendes Pascoto";"Construção e mão de obra para novas salas de aula multifuncionais para atendimento de crianças, jovens e adolescentes em situação de vulnerabilidade";"CUSTEIO";"100.000,00";"";"";"Não Inciada"
"031.13.15.2026";"031.13.15.2026";"Heber Rocha Farias";"Comunicação Visual da biblioteca Monteiro Lobato";"CUSTEIO";"100.000,00";"";"";"Não Inciada"
"032.13.11.2026";"032.13.11.2026";"Heber Rocha Farias";"Implantação de jardins de chuva, incluindo plantios de árvores, com o objetivo de ampliar áreas verdes e permeáveis na cidade";"CUSTEIO";"450.000,00";"";"";"Não Inciada"
"033.13.09.2026";"033.13.09.2026";"Heber Rocha Farias";"Fortalecer o funcionamento do Ambulatório de Saúde Integral para Travestis e Transexuais de Osasco";"AMBOS";"100.000,00";"";"";"Não Inciada"
"034.13.15.2026";"034.13.15.2026";"Heber Rocha Farias";"Realização do evento Parada LGBTQIAPN+";"CUSTEIO";"50.000,00";"";"";"Não Inciada"
"035.13.09.2026";"035.13.09.2026";"Heber Rocha Farias";"Aquisição de um aparelho para CAF (Cirurgia de Alta Frequência) para Unidade de Atenção Especializada em Saúde";"INVESTIMENTO";"23.580,00";"";"";"Não Inciada"
"036.13.34.2026";"036.13.34.2026";"Heber Rocha Farias";"Aquisição de drones para monitoramento de áreas de risco e desastres naturais como enchentes , deslizamentos de terra, alagamentos e incêndios em diferentes bairros com prioridade para áreas históricamente afetados.";"INVESTIMENTO";"30.000,00";"";"";"Não Inciada"
"037.13.09.2026";"037.13.09.2026";"Heber Rocha Farias";"Compra de um equipamento BERA (Brainstem Evoked Response Audiometry) para a rede municipal de Saúde de Osasco";"INVESTIMENTO";"154.589,98";"";"";"Não Inciada"
"038.13.09.2026";"038.13.09.2026";"Heber Rocha Farias";"Aquisição de um equipamento de Histeroscópio para a rede municipal de saúde de Osasco";"INVESTIMENTO";"375.000,00";"";"";"Não Inciada"
"039.13.16.2026";"039.13.16.2026";"Heber Rocha Farias";"Implantação de totens de segurança com tecnologia integrada, cameras de videomonitoramento e giroflex em pontos estratégicos de grande circulação";"INVESTIMENTO";"221.668,85";"";"";"Não Inciada"
"040.13.09.2026";"040.13.09.2026";"Heber Rocha Farias";"Aquisição de equipamentos, materiais permanentes e de consumo para a realização de exames e atendimentos do laboratório de IST/AIDS de Osasco";"CUSTEIO";"100.000,00";"";"";"Não Inciada"
"041.13.09.2026";"041.13.09.2026";"Heber Rocha Farias";"Reforma e implantação da Sala Sensorial Multidisciplinar, com aquisição de equipamentos e acessórios multisenssoriais";"CUSTEIO";"282.498,88";"";"";"Não Inciada"
"042.13.29.2026";"042.13.29.2026";"Heber Rocha Farias";"Implantação de um cursinho preparatório gratuíto para jovens e adolescentes em situação de vulnerabilidade social de Osasco";"CUSTEIO";"300.000,00";"";"";"Não Inciada"
"043.19.09.2026";"043.19.09.2026";"Rodrigo Mendes Pascoto";"Realizar atendimento fisioterapeutico em pacientes com disfunsão cardiorespiratório, músculo-esquelético ou neurofuncional";"AMBOS";"400.000,00";"";"";"Não Inciada"
"044.19.12.2026";"044.19.12.2026";"Rodrigo Mendes Pascoto";"Apoio às equipes de base de voleibol masculino que treinam nas quadras da Secretaria de Esportes";"CUSTEIO";"30.000,00";"";"";"Não Inciada"
"045.19.14.2026";"045.19.14.2026";"Rodrigo Mendes Pascoto";"Promover a inclusão digital e o fortalecimento por meio de formação tecnológica de crianças, adolescentes, adultos e idosos em situação de vulnerabilidade social";"AMBOS";"300.000,00";"";"";"Não Inciada"
"046.19.09.2026";"046.19.09.2026";"Rodrigo Mendes Pascoto";"Atendimento especializado para crianças e adolescentes com TEA e síndrome de Down";"AMBOS";"400.000,00";"";"";"Não Inciada"
"047.07.15.2026";"047.07.15.2026";"Emerson Marcio Vitalino";"Ações formativas culturais e raciais";"CUSTEIO";"250.000,00";"";"";"Não Inciada"
"048.07.15.2026";"048.07.15.2026";"Emerson Marcio Vitalino";"Promoção de ações culturais, com foco na valorização da cultura";"CUSTEIO";"300.000,00";"";"";"Não Inciada"
"049.02.12.2026";"049.02.12.2026";"Batista de Sousa Moreira";"Atendimento Sociodesportivo para desenvolvimento humano integral, inclusão social e cidadania para adolescentes em situação de vulnerabilidade";"AMBOS";"147.000,00";"";"";"Não Inciada"
"050.07.14.2026";"050.07.14.2026";"Emerson Marcio Vitalino";"Aquisição de um veículo de carga pra uso nas atividades sociais da Instituição.";"INVESTIMENTO";"323.337,71";"";"";"Não Inciada"
"051.02.15.2026";"051.02.15.2026";"Batista de Sousa Moreira";"Realizações de eventos culturais em diversas regiões da cidade";"CUSTEIO";"40.000,00";"";"";"Não Inciada"
"052.02.14.2026";"052.02.14.2026";"Batista de Sousa Moreira";"Serviço de convivência e fortalecimento de vínculos (SCFV), reforma e ampliação da infraestrutura física, da aquisição de veículo para transporte e oficinas socioassistenciais";"CUSTEIO";"809.668,85";"";"";"Não Inciada"
"053.02.30.2026";"053.02.30.2026";"Batista de Sousa Moreira";"Atendimento Multidiciplinar para crianças, jovens e adolescentes em situação de vulnerabilidade.";"CUSTEIO";"25.000,00";"";"";"Não Inciada"
"054.21.15.2026";"054.21.15.2026";"Stephane Carolina Rossi de Almeida Magdesian";"Manutenção, reparos e melhorias estruturais na Escola de Artes de Osasco";"CUSTEIO";"100.000,00";"";"";"Não Inciada"
"055.21.20.2026";"055.21.20.2026";"Stephane Carolina Rossi de Almeida Magdesian";"Aquisição de colete à prova de balas para a GCM";"INVESTIMENTO";"100.000,00";"";"";"Não Inciada"
"056.02.14.2026";"056.02.14.2026";"Batista de Sousa Moreira";"Promover o desenvolvimento integral de crianças e adolescentes do Serviço de Convivência e Fortalecimento de Vínculos";"CUSTEIO";"40.000,00";"";"";"Não Inciada"
"058.21.14.2026";"058.21.14.2026";"Stephane Carolina Rossi de Almeida Magdesian";"Oferecer atividades socioeducativas e culturais gratuitas para crianças e adolescentes";"CUSTEIO";"100.000,00";"";"";"Não Inciada"
"059.21.14.2026";"059.21.14.2026";"Stephane Carolina Rossi de Almeida Magdesian";"Aquisição de veículo para a realização de buscas de cestas básicas, banco de alimentos e outros donativos";"INVESTIMENTO";"100.000,00";"";"";"Não Inciada"
"060.21.30.2026";"060.21.30.2026";"Stephane Carolina Rossi de Almeida Magdesian";"Aquisição de veículo para a secretaria da pessoa com deficiência.";"INVESTIMENTO";"100.000,00";"";"";"Não Inciada"
"061.21.09.2026";"061.21.09.2026";"Stephane Carolina Rossi de Almeida Magdesian";"Qualificação das atividades de reabilitaçao com aquisição de novos equipamentos para o Centro de Reabilitação AACD";"INVESTIMENTO";"200.000,00";"";"";"Não Inciada"
"062.21.36.2026";"062.21.36.2026";"Stephane Carolina Rossi de Almeida Magdesian";"Programa Familias fortes para atendimentos de famílias vulneráveis do municipio de Osasco.";"CUSTEIO";"100.000,00";"";"";"Não Inciada"
"063.21.32.2026";"063.21.32.2026";"Stephane Carolina Rossi de Almeida Magdesian";"Aquisição de equipamentos para ampliação da capacidade de atendimento para mulheres em situação de vulnerabilidade e violência doméstica.";"INVESTIMENTO";"62.160,00";"";"";"Não Inciada"
"064.21.14.2026";"064.21.14.2026";"Stephane Carolina Rossi de Almeida Magdesian";"Capacitação sobre empreendedorismo para mulheres em situação de vulnerabilidade social.";"AMBOS";"55.000,00";"";"";"Não Inciada"
"065.21.08.2026";"065.21.08.2026";"Stephane Carolina Rossi de Almeida Magdesian";"Aquisição de equipamentos, mobiliário e materiais de consumo para a estruturação desalas de recursos multifuncionais especializadas em deficiência auditiva AEE/ DA (EMEF Prof. Terezinha Martins Pereira e CEMEIEF Maria Tarcilla Fornasaro Melli)";"AMBOS";"104.000,00";"";"";"Não Inciada"
"066.18.30.2026";"066.18.30.2026";"Ralfi Rafael da Silva";"Núcleo Terapêutico Multidiciplinar para pessoas com autismo";"Custeio";"150.000,00";"14";"242";"elaboração"
"066.21.30.2026";"066.21.30.2026";"Stephane Carolina Rossi de Almeida Magdesian";"Núcleo Terapêutico Multidiciplinar para pessoas com autismo";"Custeio";"150.000,00";"14";"242";"elaboração"
"067.18.30.2026";"067.18.30.2026";"Ralfi Rafael da Silva";"Realizar sondangens e emitir relatórios (laudos) neuropsicológicos de crianças matriculadas na rede municipal, estadual ou particular de Osasco";"CUSTEIO";"240.000,00";"";"";"Não Inciada"
"068.10.12.2026";"068.10.12.2026";"Gabriel de Paula Barbosa";"Desenvolvimento de oficinas esportivas e lúdicas para crianças e adolescentes no contraturno escolar";"Custeio";"100.000,00";"27";"812";"elaboração"
"068.17.12.2026";"068.17.12.2026";"Pedrinho Cantagessi Vitoriano";"Desenvolvimento de oficinas esportivas e lúdicas para crianças e adolescentes no contraturno escolar";"Custeio";"50.000,00";"27";"812";"elaboração"
"068.19.12.2026";"068.19.12.2026";"Rodrigo Mendes Pascoto";"Desenvolvimento de oficinas esportivas e lúdicas para crianças e adolescentes no contraturno escolar";"Custeio";"200.000,00";"27";"812";"elaboração"
"069.18.30.2026";"069.18.30.2026";"Ralfi Rafael da Silva";"Oficinas multidisciplinares voltadas ao desenvolvimento humano e socioemocional, por meio de interações estruturadas e fundamentadas em práticas científicas, com base na Análise do Comportamento Aplicada (ABA).";"CUSTEIO";"395.000,00";"";"";"Não Inciada"
"070.18.30.2026";"070.18.30.2026";"Ralfi Rafael da Silva";"Autossuficiência energética para a Associação Pestalozzi de Osasco";"INVESTIMENTOS";"100.000,00";"";"";"Não Inciada"
"071.17.09.2026";"071.17.09.2026";"Pedrinho Cantagessi Vitoriano";"Atendimento especializado para terapias, intervenções de estimulação precoce, atendimento aos cuidadores por meio de práticas interativas complementares reconhecidas pelo SUS, para crianças com deficiência e seus cuidadores.";"CUSTEIO";"101.000,00";"";"";"Não Inciada"
"072.11.08.2026";"072.11.08.2026";"Gilmeiron Medeiros";"Cobertura da área de lazer da EMEF Hugo Ribeiro de Almeida";"INVESTIMENTO";"50.000,00";"";"";"Não Inciada"
"073.11.08.2026";"073.11.08.2026";"Gilmeiron Medeiros";"Cobertura da rampa de acessibilidade da EMEIEF Messias Gonçalves da Silva";"INVESTIMENTO";"50.000,00";"";"";"Não Inciada"
"074.10.09.2026";"074.10.09.2026";"Gabriel de Paula Barbosa";"Compra de equipamentos, materiais e softwares necessários para implantação da sala multissensorial na Policlínica da Zona Norte";"AMBOS";"390.000,00";"";"";"Não Inciada"
"075.17.12.2026";"075.17.12.2026";"Pedrinho Cantagessi Vitoriano";"Promover atividades esportivas como meio de inclusão social para crianças e adolescentes";"CUSTEIO";"500.000,00";"";"";"Não Inciada"
"076.17.13.2026";"076.17.13.2026";"Pedrinho Cantagessi Vitoriano";"Aquisição de equipamentos de Lazer a ser instalado no parque Nordestino";"INVESTIMENTO";"101.000,00";"";"";"Não Inciada"
"077.17.14.2026";"077.17.14.2026";"Pedrinho Cantagessi Vitoriano";"Compra de mobiliario para implantação do Serviço de convivência e fortalecimento de vínculos SCFV na Zona Norte.";"INVESTIMENTO";"100.000,00";"";"";"Não Inciada"
"078.02.09.2026";"078.02.09.2026";"Batista de Sousa Moreira";"Avaliação em crianças e adolescentes com suspeita de TEA e outras condições neurológicas";"Custeio";"126.668,85";"10";"302";"elaboração"
"078.02.09.2026";"078.02.09.2026";"Batista de Sousa Moreira";"Avaliação em crianças e adolescentes com suspeita de TEA e outras condições neurológicas";"Investimento";"25.000,00";"10";"302";"elaboração"
"078.21.09.2026";"078.21.09.2026";"Stephane Carolina Rossi de Almeida Magdesian";"Avaliação em crianças e adolescentes com suspeita de TEA e outras condições neurológicas";"Custeio";"125.000,00";"10";"302";"elaboração"
"078.21.09.2026";"078.21.09.2026";"Stephane Carolina Rossi de Almeida Magdesian";"Avaliação em crianças e adolescentes com suspeita de TEA e outras condições neurológicas";"Investimento";"25.000,00";"10";"302";"elaboração"
"079.21.14.2026";"079.21.14.2026";"Stephane Carolina Rossi de Almeida Magdesian";"Oficinas de matemática e rodas de conversa com famílias e responsáveis";"CUSTEIO";"100.000,00";"";"";"Não Inciada"
"080.12.09.2026";"080.12.09.2026";"Guilherme de Prado Souza";"Qualificação das atividades de reabilitação com aquisição de novos equipamentos para o centro de reabilitação da AACD";"INVESTIMENTO";"100.000,00";"";"";"Não Inciada"
"081.12.14.2026";"081.12.14.2026";"Guilherme de Prado Souza";"Futebol e acompanhamento psicossocial para crianças e adolescentes";"CUSTEIO";"125.000,00";"";"";"Não Inciada"
"082.12.09.2026";"082.12.09.2026";"Guilherme de Prado Souza";"Avaliação em crianças e adolescentes com suspeita de TEA e outras condições neurológicas";"CUSTEIO";"100.000,00";"";"";"Não Inciada"
"083.12.17.2026";"083.12.17.2026";"Guilherme de Prado Souza";"Manutenção e requalificação do Borboletário";"CUSTEIO";"30.000,00";"";"";"Não Inciada"
"084.12.09.2026";"084.12.09.2026";"Guilherme de Prado Souza";"Ampliar o acesso da população de Osasco a atendimentos médicos de forma humanizada e gratuita, em parceria com a prefeitura de Osasco";"CUSTEIO";"100.000,00";"";"";"Não Inciada"
"085.12.30.2026";"085.12.30.2026";"Guilherme de Prado Souza";"Promover atendimento psicossocial, oficinas de fortalecimento e apoio comunitário para mães atípicas, visando acolhimento, bem estar emocional, desenvolvimento de apoio e fortalecimento de autonomia";"CUSTEIO";"200.000,00";"";"";"Não Inciada"
"086.12.09.2026";"086.12.09.2026";"Guilherme de Prado Souza";"Atendimento para crianças especializados para o desenvolvimento e evolução da criança e adolescente com TEA e síndrome de Down";"CUSTEIO";"401.668,85";"";"";"Não Inciada"
"087.12.12.2026";"087.12.12.2026";"Guilherme de Prado Souza";"Ensino e prática do futebol para crianças e adolescentes em situação de vulnerabilidade social";"CUSTEIO";"100.000,00";"";"";"Não Inciada"
"088.12.14.2026";"088.12.14.2026";"Guilherme de Prado Souza";"Oferta de óculos à população de baixa renda";"CUSTEIO";"50.000,00";"";"";"Não Inciada"
"089.12.09.2026";"089.12.09.2026";"Guilherme de Prado Souza";"Promoção de ações de saúde integral para cuidadores e familiares de pessoas com deficiência.";"CUSTEIO";"100.000,00";"";"";"Não Inciada"
"090.05.09.2026";"090.05.09.2026";"Elania Silva de Lima";"Equipamentos para atividades de reabilitação voltadas ao atendimento de pessoas com deficiência.";"INVESTIMENTO";"50.000,00";"";"";"Não Inciada"
"091.05.15.2026";"091.05.15.2026";"Elania Silva de Lima";"Instalação de cobertura na pista de skate e acústica de uma sala para torná-la estúdio de música";"CUSTEIO";"200.000,00";"";"";"Não Inciada"
"092.16.09.2026";"092.16.09.2026";"Paulo José da Silva Junior";"Compra de equipamentos, reforma e obra para ampliação e estruturação de leitos da emergência do Hospital Antonio Giglio";"CUSTEIO";"2.278.337,71";"";"";"Não Inciada"
"093.08.14.2026";"093.08.14.2026";"Fabio Chirinhan";"Atendimento de crianças, adolescentes e suas famílias atendidas pelo serviço de convivência e fortalecimento de vínculos";"AMBOS";"200.000,00";"";"";"Não Inciada"
"094.05.14.2026";"094.05.14.2026";"Elania Silva de Lima";"Construção e Implantação da Arena Esportiva para atendimento comunitario de pessoas em situação de vulnerabilidade.";"INVESTIMENTO";"500.000,00";"";"";"Não Inciada"
"095.05.02.2026";"095.05.02.2026";"Elania Silva de Lima";"Equipamentos para preparo fisico de atividades de alta complexidade para integrantes de missões de salvamento, combate a incêndios, resgate e operações subaquáticas.";"INVESTIMENTO";"25.000,00";"";"";"Não Inciada"
"096.08.11.2026";"096.08.11.2026";"Fabio Chirinhan";"Reforma do passeio, implantação da pista de caminhada, instalação de academia ao ar livre e luminária.";"AMBOS";"200.000,00";"";"";"Não Inciada"
"097.03.11.2026";"097.03.11.2026";"Carmônio Gonçalves Bastos";"Melhoria na praça localizada no ponto final do Jd. Açucará (Rua Imigrantes, 248) e na Praça Laurindo de Queiróz, em Presidente Altino";"CUSTEIO";"120.000,00";"";"";"Não Inciada"
"098.18.02.2026";"098.18.02.2026";"Ralfi Rafael da Silva";"Custeio das atividades do Corpo de bombeiros";"CUSTEIO";"21.668,86";"";"";"Não Inciada"
"099.03.12.2026";"099.03.12.2026";"Carmônio Gonçalves Bastos";"Incentivar através do esporte integração entre as comunidades, tirando do ócio e promovendo qualidade de vida";"Custeio";"50.000,00";"27";"812";"elaboração"
"099.09.12.2026";"099.09.12.2026";"Francisca Jenilúcia Ribeiro de Andrade";"Incentivar através do esporte integração entre as comunidades, tirando do ócio e promovendo qualidade de vida";"Custeio";"36.668,85";"27";"812";"elaboração"
"099.12.12.2026";"099.12.12.2026";"Guilherme de Prado Souza";"Incentivar através do esporte integração entre as comunidades, tirando do ócio e promovendo qualidade de vida";"Custeio";"100.000,00";"27";"812";"elaboração"
"100.18.08.2026";"100.18.08.2026";"Ralfi Rafael da Silva";"Realização de apresentações de espetáculos do Coletivo Zaura, no teatro do Conservatório Villa Lobos";"CUSTEIO";"50.000,00";"";"";"Não Inciada"
"101.18.17.2026";"101.18.17.2026";"Ralfi Rafael da Silva";"Contratação de pessoal para atendimentos de gatos e cahorros";"CUSTEIO";"45.000,00";"";"";"Não Inciada"
"102.01.02.2026";"102.01.02.2026";"Alexandre de Jesus Capriotti";"Contribuir no desenvolvimento de projetos sociais para melhorar a qualidade de vida dos segmentos mais carentes da população osasquense, visando ao resgate da dignidade da pessoa humana";"Custeio";"20.000,00";"08";"244";"elaboração"
"102.02.02.2026";"102.02.02.2026";"Batista de Sousa Moreira";"Contribuir no desenvolvimento de projetos sociais para melhorar a qualidade de vida dos segmentos mais carentes da população osasquense, visando ao resgate da dignidade da pessoa humana";"Custeio";"20.000,00";"08";"244";"elaboração"
"102.03.02.2026";"102.03.02.2026";"Carmônio Gonçalves Bastos";"Contribuir no desenvolvimento de projetos sociais para melhorar a qualidade de vida dos segmentos mais carentes da população osasquense, visando ao resgate da dignidade da pessoa humana";"Custeio";"40.000,00";"08";"244";"elaboração"
"102.06.02.2026";"102.06.02.2026";"Elsa Natal de Oliveira";"Contribuir no desenvolvimento de projetos sociais para melhorar a qualidade de vida dos segmentos mais carentes da população osasquense, visando ao resgate da dignidade da pessoa humana";"Custeio";"20.000,00";"08";"244";"elaboração"
"102.08.02.2026";"102.08.02.2026";"Fabio Chirinhan";"Contribuir no desenvolvimento de projetos sociais para melhorar a qualidade de vida dos segmentos mais carentes da população osasquense, visando ao resgate da dignidade da pessoa humana";"Custeio";"20.000,00";"08";"244";"elaboração"
"102.10.02.2026";"102.10.02.2026";"Gabriel de Paula Barbosa";"Contribuir no desenvolvimento de projetos sociais para melhorar a qualidade de vida dos segmentos mais carentes da população osasquense, visando ao resgate da dignidade da pessoa humana";"Custeio";"30.000,00";"08";"244";"elaboração"
"102.11.02.2026";"102.11.02.2026";"Gilmeiron Medeiros";"Contribuir no desenvolvimento de projetos sociais para melhorar a qualidade de vida dos segmentos mais carentes da população osasquense, visando ao resgate da dignidade da pessoa humana";"Custeio";"20.000,00";"08";"244";"elaboração"
"102.12.02.2026";"102.12.02.2026";"Guilherme de Prado Souza";"Contribuir no desenvolvimento de projetos sociais para melhorar a qualidade de vida dos segmentos mais carentes da população osasquense, visando ao resgate da dignidade da pessoa humana";"Custeio";"20.000,00";"08";"244";"elaboração"
"102.14.02.2026";"102.14.02.2026";"Josias Nascimento de Jesus";"Contribuir no desenvolvimento de projetos sociais para melhorar a qualidade de vida dos segmentos mais carentes da população osasquense, visando ao resgate da dignidade da pessoa humana";"Custeio";"200.000,00";"08";"244";"elaboração"
"102.15.02.2026";"102.15.02.2026";"Laércio Patrício de Mendonça";"Contribuir no desenvolvimento de projetos sociais para melhorar a qualidade de vida dos segmentos mais carentes da população osasquense, visando ao resgate da dignidade da pessoa humana";"Custeio";"20.000,00";"08";"244";"elaboração"
"102.18.02.2026";"102.18.02.2026";"Ralfi Rafael da Silva";"Contribuir no desenvolvimento de projetos sociais para melhorar a qualidade de vida dos segmentos mais carentes da população osasquense, visando ao resgate da dignidade da pessoa humana";"Custeio";"40.000,00";"08";"244";"elaboração"
"102.19.02.2026";"102.19.02.2026";"Rodrigo Mendes Pascoto";"Contribuir no desenvolvimento de projetos sociais para melhorar a qualidade de vida dos segmentos mais carentes da população osasquense, visando ao resgate da dignidade da pessoa humana";"Custeio";"40.000,00";"08";"244";"elaboração"
"102.20.02.2026";"102.20.02.2026";"Sergio Augusto Fontellas dos Santos";"Contribuir no desenvolvimento de projetos sociais para melhorar a qualidade de vida dos segmentos mais carentes da população osasquense, visando ao resgate da dignidade da pessoa humana";"Custeio";"20.000,00";"08";"244";"elaboração"
"102.21.02.2026";"102.21.02.2026";"Stephane Carolina Rossi de Almeida Magdesian";"Contribuir no desenvolvimento de projetos sociais para melhorar a qualidade de vida dos segmentos mais carentes da população osasquense, visando ao resgate da dignidade da pessoa humana";"Custeio";"80.000,00";"08";"244";"elaboração"
"103.02.34.2026";"103.02.34.2026";"Batista de Sousa Moreira";"Aquisição de drones para mapeamento de áreas de risco e ações de planejamento para prevenção e enfrentamento de desastres.";"Investimento";"20.000,00";"04";"126";"elaboração"
"103.03.34.2026";"103.03.34.2026";"Carmônio Gonçalves Bastos";"Aquisição de drones para mapeamento de áreas de risco e ações de planejamento para prevenção e enfrentamento de desastres.";"Investimento";"20.000,00";"04";"126";"elaboração"
"103.08.34.2026";"103.08.34.2026";"Fabio Chirinhan";"Aquisição de drones para mapeamento de áreas de risco e ações de planejamento para prevenção e enfrentamento de desastres.";"Investimento";"20.000,00";"04";"126";"elaboração"
"103.10.34.2026";"103.10.34.2026";"Gabriel de Paula Barbosa";"Aquisição de drones para mapeamento de áreas de risco e ações de planejamento para prevenção e enfrentamento de desastres.";"Investimento";"50.000,00";"04";"126";"elaboração"
"103.12.34.2026";"103.12.34.2026";"Guilherme de Prado Souza";"Aquisição de drones para mapeamento de áreas de risco e ações de planejamento para prevenção e enfrentamento de desastres.";"Investimento";"20.000,00";"04";"126";"elaboração"
"103.14.34.2026";"103.14.34.2026";"Josias Nascimento de Jesus";"Aquisição de drones para mapeamento de áreas de risco e ações de planejamento para prevenção e enfrentamento de desastres.";"Investimento";"100.000,00";"04";"126";"elaboração"
"103.15.34.2026";"103.15.34.2026";"Laércio Patrício de Mendonça";"Aquisição de drones para mapeamento de áreas de risco e ações de planejamento para prevenção e enfrentamento de desastres.";"Investimento";"20.000,00";"04";"126";"elaboração"
"103.19.34.2026";"103.19.34.2026";"Rodrigo Mendes Pascoto";"Aquisição de drones para mapeamento de áreas de risco e ações de planejamento para prevenção e enfrentamento de desastres.";"Investimento";"20.000,00";"04";"126";"elaboração"
"103.20.34.2026";"103.20.34.2026";"Sergio Augusto Fontellas dos Santos";"Aquisição de drones para mapeamento de áreas de risco e ações de planejamento para prevenção e enfrentamento de desastres.";"Investimento";"20.000,00";"04";"126";"elaboração"
"104.03.15.2026";"104.03.15.2026";"Carmônio Gonçalves Bastos";"Auxílio na implementação de políticas públicas visando a excelência na preservação do patrimônio cultural, no estímulo à produção artística e na garantia de acesso aos bens culturais para a população de Osasco em toda a sua diversidade";"Custeio";"20.000,00";"13";"392";"elaboração"
"104.15.15.2026";"104.15.15.2026";"Laércio Patrício de Mendonça";"Auxílio na implementação de políticas públicas visando a excelência na preservação do patrimônio cultural, no estímulo à produção artística e na garantia de acesso aos bens culturais para a população de Osasco em toda a sua diversidade";"Custeio";"20.000,00";"13";"392";"elaboração"
"104.19.15.2026";"104.19.15.2026";"Rodrigo Mendes Pascoto";"Auxílio na implementação de políticas públicas visando a excelência na preservação do patrimônio cultural, no estímulo à produção artística e na garantia de acesso aos bens culturais para a população de Osasco em toda a sua diversidade";"Custeio";"20.000,00";"13";"392";"elaboração"
"104.20.15.2026";"104.20.15.2026";"Sergio Augusto Fontellas dos Santos";"Auxílio na implementação de políticas públicas visando a excelência na preservação do patrimônio cultural, no estímulo à produção artística e na garantia de acesso aos bens culturais para a população de Osasco em toda a sua diversidade";"Custeio";"100.000,00";"13";"392";"elaboração"
"105.01.14.2026";"105.01.14.2026";"Alexandre de Jesus Capriotti";"Implantação da Comunidade Terapêutica Acolhedora, rotina terapêutica e socioeducativa, mediação familiar e reinserção social.";"Custeio";"20.000,00";"08";"245";"elaboração"
"105.03.14.2026";"105.03.14.2026";"Carmônio Gonçalves Bastos";"Implantação da Comunidade Terapêutica Acolhedora, rotina terapêutica e socioeducativa, mediação familiar e reinserção social.";"Custeio";"20.000,00";"08";"245";"elaboração"
"105.06.14.2026";"105.06.14.2026";"Elsa Natal de Oliveira";"Implantação da Comunidade Terapêutica Acolhedora, rotina terapêutica e socioeducativa, mediação familiar e reinserção social.";"Custeio";"20.000,00";"08";"245";"elaboração"
"105.08.14.2026";"105.08.14.2026";"Fabio Chirinhan";"Implantação da Comunidade Terapêutica Acolhedora, rotina terapêutica e socioeducativa, mediação familiar e reinserção social.";"Custeio";"20.000,00";"08";"245";"elaboração"
"105.12.14.2026";"105.12.14.2026";"Guilherme de Prado Souza";"Implantação da Comunidade Terapêutica Acolhedora, rotina terapêutica e socioeducativa, mediação familiar e reinserção social.";"Custeio";"20.000,00";"08";"245";"elaboração"
"105.14.14.2026";"105.14.14.2026";"Josias Nascimento de Jesus";"Implantação da Comunidade Terapêutica Acolhedora, rotina terapêutica e socioeducativa, mediação familiar e reinserção social.";"Custeio";"100.000,00";"08";"245";"elaboração"
"105.15.14.2026";"105.15.14.2026";"Laércio Patrício de Mendonça";"Implantação da Comunidade Terapêutica Acolhedora, rotina terapêutica e socioeducativa, mediação familiar e reinserção social.";"Custeio";"20.000,00";"08";"245";"elaboração"
"105.19.14.2026";"105.19.14.2026";"Rodrigo Mendes Pascoto";"Implantação da Comunidade Terapêutica Acolhedora, rotina terapêutica e socioeducativa, mediação familiar e reinserção social.";"Custeio";"20.000,00";"08";"245";"elaboração"
"105.20.14.2026";"105.20.14.2026";"Sergio Augusto Fontellas dos Santos";"Implantação da Comunidade Terapêutica Acolhedora, rotina terapêutica e socioeducativa, mediação familiar e reinserção social.";"Custeio";"20.000,00";"08";"245";"elaboração"
"106.02.09.2026";"106.02.09.2026";"Batista de Sousa Moreira";"Aquisição de equipamentos e insumos para aprimorar o atendimento do Ambulatório de Estomaterapia";"Custeio";"100.000,00";"10";"303";"elaboração"
"106.03.09.2026";"106.03.09.2026";"Carmônio Gonçalves Bastos";"Aquisição de equipamentos e insumos para aprimorar o atendimento do Ambulatório de Estomaterapia";"Custeio";"146.324,60";"10";"303";"elaboração"
"106.04.09.2026";"106.04.09.2026";"Délbio Camargo Teruel";"Aquisição de equipamentos e insumos para aprimorar o atendimento do Ambulatório de Estomaterapia";"Custeio";"151.668,85";"10";"303";"elaboração"
"106.05.09.2026";"106.05.09.2026";"Elania Silva de Lima";"Aquisição de equipamentos e insumos para aprimorar o atendimento do Ambulatório de Estomaterapia";"Custeio";"151.668,85";"10";"303";"elaboração"
"106.06.09.2026";"106.06.09.2026";"Elsa Natal de Oliveira";"Aquisição de equipamentos e insumos para aprimorar o atendimento do Ambulatório de Estomaterapia";"Custeio";"120.000,00";"10";"303";"elaboração"
"106.08.09.2026";"106.08.09.2026";"Fabio Chirinhan";"Aquisição de equipamentos e insumos para aprimorar o atendimento do Ambulatório de Estomaterapia";"Custeio";"120.000,00";"10";"303";"elaboração"
"106.09.09.2026";"106.09.09.2026";"Francisca Jenilúcia Ribeiro de Andrade";"Aquisição de equipamentos e insumos para aprimorar o atendimento do Ambulatório de Estomaterapia";"Custeio";"120.000,00";"10";"303";"elaboração"
"106.11.09.2026";"106.11.09.2026";"Gilmeiron Medeiros";"Aquisição de equipamentos e insumos para aprimorar o atendimento do Ambulatório de Estomaterapia";"Custeio";"110.000,00";"10";"303";"elaboração"
"106.12.09.2026";"106.12.09.2026";"Guilherme de Prado Souza";"Aquisição de equipamentos e insumos para aprimorar o atendimento do Ambulatório de Estomaterapia";"Custeio";"110.000,00";"10";"303";"elaboração"
"106.14.09.2026";"106.14.09.2026";"Josias Nascimento de Jesus";"Aquisição de equipamentos e insumos para aprimorar o atendimento do Ambulatório de Estomaterapia";"Custeio";"151.668,85";"10";"303";"elaboração"
"106.15.09.2026";"106.15.09.2026";"Laércio Patrício de Mendonça";"Aquisição de equipamentos e insumos para aprimorar o atendimento do Ambulatório de Estomaterapia";"Custeio";"161.668,85";"10";"303";"elaboração"
"106.17.09.2026";"106.17.09.2026";"Pedrinho Cantagessi Vitoriano";"Aquisição de equipamentos e insumos para aprimorar o atendimento do Ambulatório de Estomaterapia";"Custeio";"150.000,00";"10";"303";"elaboração"
"106.18.09.2026";"106.18.09.2026";"Ralfi Rafael da Silva";"Aquisição de equipamentos e insumos para aprimorar o atendimento do Ambulatório de Estomaterapia";"Custeio";"100.000,00";"10";"303";"elaboração"
"106.19.09.2026";"106.19.09.2026";"Rodrigo Mendes Pascoto";"Aquisição de equipamentos e insumos para aprimorar o atendimento do Ambulatório de Estomaterapia";"Custeio";"100.000,00";"10";"303";"elaboração"
"106.20.09.2026";"106.20.09.2026";"Sergio Augusto Fontellas dos Santos";"Aquisição de equipamentos e insumos para aprimorar o atendimento do Ambulatório de Estomaterapia";"Custeio";"100.000,00";"10";"303";"elaboração"
"106.21.09.2026";"106.21.09.2026";"Stephane Carolina Rossi de Almeida Magdesian";"Aquisição de equipamentos e insumos para aprimorar o atendimento do Ambulatório de Estomaterapia";"Custeio";"107.000,00";"10";"303";"elaboração"
"107.03.12.2026";"107.03.12.2026";"Carmônio Gonçalves Bastos";"Execução de ações socioesportivas voltadas à inclusão e ao desenvolvimento integral de crianças e adolescentes, por meio de prática orientada do voleibol";"Custeio";"150.000,00";"27";"812";"elaboração"
"107.08.12.2026";"107.08.12.2026";"Fabio Chirinhan";"Execução de ações socioesportivas voltadas à inclusão e ao desenvolvimento integral de crianças e adolescentes, por meio de prática orientada do voleibol";"Custeio";"250.000,00";"27";"812";"elaboração"
"108.01.12.2026";"108.01.12.2026";"Alexandre de Jesus Capriotti";"Manutenção e melhoria no estádio José Liberatti";"Custeio";"50.000,00";"27";"812";"elaboração"
"108.03.12.2026";"108.03.12.2026";"Carmônio Gonçalves Bastos";"Manutenção e melhoria no estádio José Liberatti";"Custeio";"21.668,85";"27";"812";"elaboração"
"108.06.12.2026";"108.06.12.2026";"Elsa Natal de Oliveira";"Manutenção e melhoria no estádio José Liberatti";"Custeio";"30.000,00";"27";"812";"elaboração"
"108.08.12.2026";"108.08.12.2026";"Fabio Chirinhan";"Manutenção e melhoria no estádio José Liberatti";"Custeio";"30.000,00";"27";"812";"elaboração"
"108.09.12.2026";"108.09.12.2026";"Francisca Jenilúcia Ribeiro de Andrade";"Manutenção e melhoria no estádio José Liberatti";"Custeio";"140.000,00";"27";"812";"elaboração"
"108.10.12.2026";"108.10.12.2026";"Gabriel de Paula Barbosa";"Manutenção e melhoria no estádio José Liberatti";"Custeio";"108.331,15";"27";"812";"elaboração"
"108.11.12.2026";"108.11.12.2026";"Gilmeiron Medeiros";"Manutenção e melhoria no estádio José Liberatti";"Custeio";"65.000,00";"27";"812";"elaboração"
"108.12.12.2026";"108.12.12.2026";"Guilherme de Prado Souza";"Manutenção e melhoria no estádio José Liberatti";"Custeio";"55.000,00";"27";"812";"elaboração"
"109.01.12.2026";"109.01.12.2026";"Alexandre de Jesus Capriotti";"Tem como objetivo promover a qualidade de vida, desenvolvimento esportivo, social e educacional de crianças e adolescentes por meio de treinamentos regulares de futebol";"Custeio";"20.000,00";"27";"812";"elaboração"
"109.03.12.2026";"109.03.12.2026";"Carmônio Gonçalves Bastos";"Tem como objetivo promover a qualidade de vida, desenvolvimento esportivo, social e educacional de crianças e adolescentes por meio de treinamentos regulares de futebol";"Custeio";"15.000,00";"27";"812";"elaboração"
"109.06.12.2026";"109.06.12.2026";"Elsa Natal de Oliveira";"Tem como objetivo promover a qualidade de vida, desenvolvimento esportivo, social e educacional de crianças e adolescentes por meio de treinamentos regulares de futebol";"Custeio";"10.000,00";"27";"812";"elaboração"
"109.08.12.2026";"109.08.12.2026";"Fabio Chirinhan";"Tem como objetivo promover a qualidade de vida, desenvolvimento esportivo, social e educacional de crianças e adolescentes por meio de treinamentos regulares de futebol";"Custeio";"10.000,00";"27";"812";"elaboração"
"109.09.12.2026";"109.09.12.2026";"Francisca Jenilúcia Ribeiro de Andrade";"Tem como objetivo promover a qualidade de vida, desenvolvimento esportivo, social e educacional de crianças e adolescentes por meio de treinamentos regulares de futebol";"Custeio";"10.000,00";"27";"812";"elaboração"
"109.11.12.2026";"109.11.12.2026";"Gilmeiron Medeiros";"Tem como objetivo promover a qualidade de vida, desenvolvimento esportivo, social e educacional de crianças e adolescentes por meio de treinamentos regulares de futebol";"Custeio";"15.000,00";"27";"812";"elaboração"
"109.12.12.2026";"109.12.12.2026";"Guilherme de Prado Souza";"Tem como objetivo promover a qualidade de vida, desenvolvimento esportivo, social e educacional de crianças e adolescentes por meio de treinamentos regulares de futebol";"Custeio";"20.000,00";"27";"812";"elaboração"
"109.15.12.2026";"109.15.12.2026";"Laércio Patrício de Mendonça";"Tem como objetivo promover a qualidade de vida, desenvolvimento esportivo, social e educacional de crianças e adolescentes por meio de treinamentos regulares de futebol";"Custeio";"100.000,00";"27";"812";"elaboração"
"110.01.12.2026";"110.01.12.2026";"Alexandre de Jesus Capriotti";"Proporocionar atividades desportivas para crianças";"Custeio";"50.000,00";"27";"812";"elaboração"
"110.03.12.2026";"110.03.12.2026";"Carmônio Gonçalves Bastos";"Proporocionar atividades desportivas para crianças";"Custeio";"20.000,00";"27";"812";"elaboração"
"110.11.12.2026";"110.11.12.2026";"Gilmeiron Medeiros";"Proporocionar atividades desportivas para crianças";"Custeio";"30.000,00";"27";"812";"elaboração"
"110.12.12.2026";"110.12.12.2026";"Guilherme de Prado Souza";"Proporocionar atividades desportivas para crianças";"Custeio";"50.000,00";"27";"812";"elaboração"
"110.15.12.2026";"110.15.12.2026";"Laércio Patrício de Mendonça";"Proporocionar atividades desportivas para crianças";"Custeio";"201.668,85";"27";"812";"elaboração"
"111.01.12.2026";"111.01.12.2026";"Alexandre de Jesus Capriotti";"Organização e execução de campeonatos de futebol de campo masculino";"Custeio";"10.000,00";"27";"812";"elaboração"
"111.03.12.2026";"111.03.12.2026";"Carmônio Gonçalves Bastos";"Organização e execução de campeonatos de futebol de campo masculino";"Custeio";"30.000,00";"27";"812";"elaboração"
"111.06.12.2026";"111.06.12.2026";"Elsa Natal de Oliveira";"Organização e execução de campeonatos de futebol de campo masculino";"Custeio";"11.668,85";"27";"812";"elaboração"
"111.08.12.2026";"111.08.12.2026";"Fabio Chirinhan";"Organização e execução de campeonatos de futebol de campo masculino";"Custeio";"60.000,00";"27";"812";"elaboração"
"111.09.12.2026";"111.09.12.2026";"Francisca Jenilúcia Ribeiro de Andrade";"Organização e execução de campeonatos de futebol de campo masculino";"Custeio";"100.000,00";"27";"812";"elaboração"
"111.10.12.2026";"111.10.12.2026";"Gabriel de Paula Barbosa";"Organização e execução de campeonatos de futebol de campo masculino";"Custeio";"88.311,15";"27";"812";"elaboração"
"111.11.12.2026";"111.11.12.2026";"Gilmeiron Medeiros";"Organização e execução de campeonatos de futebol de campo masculino";"Custeio";"100.000,00";"27";"812";"elaboração"
"111.12.12.2026";"111.12.12.2026";"Guilherme de Prado Souza";"Organização e execução de campeonatos de futebol de campo masculino";"Custeio";"50.000,00";"27";"812";"elaboração"
"112.17.15.2026";"112.17.15.2026";"Pedrinho Cantagessi Vitoriano";"Contratação de Artista ou coletivo artistico para realização de mural de grafite para transformar ponte em marco artístico fomentando turismo cultural.";"Custeio";"300.000,00";"13";"392";"viabilização"
"113.17.34.2026";"113.17.34.2026";"Pedrinho Cantagessi Vitoriano";"Aquisição de equipamentos, feramentas e EPIs destinados a atividades de salvamento terrestre e desastres naturais";"AMBOS";"100.000,00";"";"";"Não Inciada"
"114.18.30.2026";"114.18.30.2026";"Ralfi Rafael da Silva";"Promover o desenvolvimento integral de crianças, jovens e adolescentes com síndrome de down e TEA, utilizando a capoeira como ferramenta de inclusão, saúde e cultura";"CUSTEIO";"90.000,00";"";"";"Não Inciada"
"115.10.15.2026";"115.10.15.2026";"Gabriel de Paula Barbosa";"Implantação de elevador de acessibilidade na escola de Xadrez localizada na escola de artes Cesar Antonio Salvi";"AMBOS";"120.000,00";"";"";"Não Inciada"
"116.18.12.2026";"116.18.12.2026";"Ralfi Rafael da Silva";"Dar melhores condições para as equipes que representam a cidade de Osasco em modalidades esportivas";"CUSTEIO";"20.000,00";"";"";"Não Inciada"
"117.20.11.2026";"117.20.11.2026";"Sergio Augusto Fontellas dos Santos";"Ações de gestão de resíduos sólidos e educação ambiental. coleta seletiva, manejo de resíduos reciclaveis, limpeza urbana, varrição de vias públicas e ações de conscientização ambiental.";"AMBOS";"300.000,00";"";"";"Não Inciada"
"118.20.02.2026";"118.20.02.2026";"Sergio Augusto Fontellas dos Santos";"Financiar aquisição de equipamentos e manutenção geral dos serviços de bombeiros";"INVESTIMENTO";"66.668,85";"";"";"Não Inciada"
"119.20.14.2026";"119.20.14.2026";"Sergio Augusto Fontellas dos Santos";"Ações de promoção da igualdade de direitos e autonomia e economia das mulheres (16+) em situação de vulnerabilidade por meio e cursos de capacitação empreendedorismo e desenolvimento pessoal";"CUSTEIO";"150.000,00";"";"";"Não Inciada"
"120.20.12.2026";"120.20.12.2026";"Sergio Augusto Fontellas dos Santos";"Melhores condições para equipes esportivas que representam o municipio de Osasco, subsídio de trasnsporte, materiais esportivos, premiação, alimentação, compra de material de consumo e material permanente.";"CUSTEIO";"200.000,00";"";"";"Não Inciada"
"121.01.17.2026";"121.01.17.2026";"Alexandre de Jesus Capriotti";"Ações de Castração e Microchipagem de animais para controle da população e promoção de bem estar animal.";"CUSTEIO";"161.668,85";"";"";"Não Inciada"
"122.01.12.2026";"122.01.12.2026";"Alexandre de Jesus Capriotti";"Promover inclusão social e desenvolvimento integral de crianças e adolescentes por meio de aulas de Basquete gratuitas.";"CUSTEIO";"100.000,00";"";"";"Não Inciada"
"123.01.12.2026";"123.01.12.2026";"Alexandre de Jesus Capriotti";"Melhores condições para equipes esportivas que representam o municipio de Osasco, subsídio de trasnsporte, materiais esportivos, premiação, alimentação, compra de material de consumo e material permanente.";"CUSTEIO";"25.000,00";"";"";"Não Inciada"
"124.01.15.2026";"124.01.15.2026";"Alexandre de Jesus Capriotti";"Comunicação visual para demandas de aquisição, instalação de faixas, banners, adesivos e demendas do bem estar animal.";"CUSTEIO";"300.000,00";"";"";"Não Inciada"
"125.05.17.2026";"125.05.17.2026";"Elania Silva de Lima";"Atendimento e cuidado de animais abrigados na sede da ONG Apata, alimentação, higiene, saúde, bem estar e adoção.";"CUSTEIO";"100.000,00";"";"";"Não Inciada"
"126.19.06.2026";"126.19.06.2026";"Rodrigo Mendes Pascoto";"Manutenção e reforma da sala dos Anjos Mirins para preparação de jovens para o mercado de trabalho";"CUSTEIO";"100.000,00";"";"";"Não Inciada"
"127.03.09.2026";"127.03.09.2026";"Carmônio Gonçalves Bastos";"Tratamento fisioterapêutico aquático acessível utilizando os benefícios da hidroterapia para reabilitação física, melhora da mobilidade, alivio da dor e promoção de bem estar.";"AMBOS";"100.000,00";"";"";"Não Inciada"
"128.03.14.2026";"128.03.14.2026";"Carmônio Gonçalves Bastos";"Serviço de convivêcia e fortalecimento de vínculos para criança e idosos";"CUSTEIO";"100.000,00";"";"";"Não Inciada"
"129.03.12.2026";"129.03.12.2026";"Carmônio Gonçalves Bastos";"Fortalecimento do Judô pela secretaria de Esportes";"AMBOS";"50.000,00";"";"";"Não Inciada"
"130.01.36.2026";"130.01.36.2026";"Alexandre de Jesus Capriotti";"Programas de Fortalecimento de vínculos, parentalidade e convivência intergeracional.";"Custeio";"25.000,00";"14";"244";"elaboração"
"130.02.36.2026";"130.02.36.2026";"Batista de Sousa Moreira";"Programas de Fortalecimento de vínculos, parentalidade e convivência intergeracional.";"Investimento";"25.000,00";"14";"244";"elaboração"
"130.03.36.2026";"130.03.36.2026";"Carmônio Gonçalves Bastos";"Programas de Fortalecimento de vínculos, parentalidade e convivência intergeracional.";"Investimento";"40.000,00";"14";"244";"elaboração"
"130.05.36.2026";"130.05.36.2026";"Elania Silva de Lima";"Programas de Fortalecimento de vínculos, parentalidade e convivência intergeracional.";"Investimento";"55.000,00";"14";"244";"elaboração"
"130.06.36.2026";"130.06.36.2026";"Elsa Natal de Oliveira";"Programas de Fortalecimento de vínculos, parentalidade e convivência intergeracional.";"Custeio";"30.000,00";"14";"244";"elaboração"
"130.07.36.2026";"130.07.36.2026";"Emerson Marcio Vitalino";"Programas de Fortalecimento de vínculos, parentalidade e convivência intergeracional.";"Custeio";"50.000,00";"14";"244";"elaboração"
"130.08.36.2026";"130.08.36.2026";"Fabio Chirinhan";"Programas de Fortalecimento de vínculos, parentalidade e convivência intergeracional.";"Custeio";"20.000,00";"14";"244";"elaboração"
"130.10.36.2026";"130.10.36.2026";"Gabriel de Paula Barbosa";"Programas de Fortalecimento de vínculos, parentalidade e convivência intergeracional.";"Custeio";"20.000,00";"14";"244";"elaboração"
"130.11.36.2026";"130.11.36.2026";"Gilmeiron Medeiros";"Programas de Fortalecimento de vínculos, parentalidade e convivência intergeracional.";"Investimento";"15.000,00";"14";"244";"elaboração"
"130.12.36.2026";"130.12.36.2026";"Guilherme de Prado Souza";"Programas de Fortalecimento de vínculos, parentalidade e convivência intergeracional.";"Custeio";"25.000,00";"14";"244";"elaboração"
"130.15.36.2026";"130.15.36.2026";"Laércio Patrício de Mendonça";"Programas de Fortalecimento de vínculos, parentalidade e convivência intergeracional.";"Custeio";"20.000,00";"14";"244";"elaboração"
"130.16.36.2026";"130.16.36.2026";"Paulo José da Silva Junior";"Programas de Fortalecimento de vínculos, parentalidade e convivência intergeracional.";"Custeio";"25.000,00";"14";"244";"elaboração"
"130.19.36.2026";"130.19.36.2026";"Rodrigo Mendes Pascoto";"Programas de Fortalecimento de vínculos, parentalidade e convivência intergeracional.";"Custeio";"30.000,00";"14";"244";"elaboração"
"130.20.36.2026";"130.20.36.2026";"Sergio Augusto Fontellas dos Santos";"Programas de Fortalecimento de vínculos, parentalidade e convivência intergeracional.";"Custeio";"25.000,00";"14";"244";"elaboração"
"131.03.16.2026";"131.03.16.2026";"Carmônio Gonçalves Bastos";"Aquisição e Implantação de Totens com Câmeras de Segurança";"Investimento";"50.000,00";"04";"126";"elaboração"
"131.08.16.2026";"131.08.16.2026";"Fabio Chirinhan";"Aquisição e Implantação de Totens com Câmeras de Segurança";"Investimento";"50.000,00";"04";"126";"elaboração"
"131.19.16.2026";"131.19.16.2026";"Rodrigo Mendes Pascoto";"Aquisição e Implantação de Totens com Câmeras de Segurança";"Investimento";"50.000,00";"04";"126";"elaboração"
"132.01.12.2026";"132.01.12.2026";"Alexandre de Jesus Capriotti";"Desenvolvimento de atividades de vôlei masculino.";"Investimento";"10.000,00";"27";"811";"elaboração"
"132.01.12.2026";"132.01.12.2026";"Alexandre de Jesus Capriotti";"Desenvolvimento de atividades de vôlei masculino.";"Custeio";"10.000,00";"27";"811";"elaboração"
"132.03.12.2026";"132.03.12.2026";"Carmônio Gonçalves Bastos";"Desenvolvimento de atividades de vôlei masculino.";"Investimento";"10.000,00";"27";"811";"elaboração"
"132.03.12.2026";"132.03.12.2026";"Carmônio Gonçalves Bastos";"Desenvolvimento de atividades de vôlei masculino.";"Custeio";"10.000,00";"27";"811";"elaboração"
"132.08.12.2026";"132.08.12.2026";"Fabio Chirinhan";"Desenvolvimento de atividades de vôlei masculino.";"Investimento";"5.000,00";"27";"811";"elaboração"
"132.08.12.2026";"132.08.12.2026";"Fabio Chirinhan";"Desenvolvimento de atividades de vôlei masculino.";"Custeio";"5.000,00";"27";"811";"elaboração"
"132.09.12.2026";"132.09.12.2026";"Francisca Jenilúcia Ribeiro de Andrade";"Desenvolvimento de atividades de vôlei masculino.";"Investimento";"10.000,00";"27";"811";"elaboração"
"132.09.12.2026";"132.09.12.2026";"Francisca Jenilúcia Ribeiro de Andrade";"Desenvolvimento de atividades de vôlei masculino.";"Custeio";"10.000,00";"27";"811";"elaboração"
"132.10.12.2026";"132.10.12.2026";"Gabriel de Paula Barbosa";"Desenvolvimento de atividades de vôlei masculino.";"Investimento";"10.000,00";"27";"811";"elaboração"
"132.10.12.2026";"132.10.12.2026";"Gabriel de Paula Barbosa";"Desenvolvimento de atividades de vôlei masculino.";"Custeio";"10.000,00";"27";"811";"elaboração"
"132.11.12.2026";"132.11.12.2026";"Gilmeiron Medeiros";"Desenvolvimento de atividades de vôlei masculino.";"Investimento";"5.000,00";"27";"811";"elaboração"
"132.11.12.2026";"132.11.12.2026";"Gilmeiron Medeiros";"Desenvolvimento de atividades de vôlei masculino.";"Custeio";"5.000,00";"27";"811";"elaboração"
"133.01.12.2026";"133.01.12.2026";"Alexandre de Jesus Capriotti";"Fomentar a modalidade natação para crianças e adolescentes.";"Custeio";"30.000,00";"27";"812";"elaboração"
"133.03.12.2026";"133.03.12.2026";"Carmônio Gonçalves Bastos";"Fomentar a modalidade natação para crianças e adolescentes.";"Custeio";"30.000,00";"27";"812";"elaboração"
"133.06.12.2026";"133.06.12.2026";"Elsa Natal de Oliveira";"Fomentar a modalidade natação para crianças e adolescentes.";"Custeio";"60.000,00";"27";"812";"elaboração"
"133.08.12.2026";"133.08.12.2026";"Fabio Chirinhan";"Fomentar a modalidade natação para crianças e adolescentes.";"Custeio";"45.000,00";"27";"812";"elaboração"
"133.09.12.2026";"133.09.12.2026";"Francisca Jenilúcia Ribeiro de Andrade";"Fomentar a modalidade natação para crianças e adolescentes.";"Custeio";"100.000,00";"27";"812";"elaboração"
"133.10.12.2026";"133.10.12.2026";"Gabriel de Paula Barbosa";"Fomentar a modalidade natação para crianças e adolescentes.";"Custeio";"50.000,00";"27";"812";"elaboração"
"133.11.12.2026";"133.11.12.2026";"Gilmeiron Medeiros";"Fomentar a modalidade natação para crianças e adolescentes.";"Custeio";"130.000,00";"27";"812";"elaboração"
"133.12.12.2026";"133.12.12.2026";"Guilherme de Prado Souza";"Fomentar a modalidade natação para crianças e adolescentes.";"Custeio";"55.000,00";"27";"812";"elaboração"
"134.02.12.2026";"134.02.12.2026";"Batista de Sousa Moreira";"Fortalecimento e ampliação das ações realizadas pela Secretaria de Esportes, Recreação e Lazer";"Custeio";"8.333,50";"27";"812";"elaboração"
"134.02.12.2026";"134.02.12.2026";"Batista de Sousa Moreira";"Fortalecimento e ampliação das ações realizadas pela Secretaria de Esportes, Recreação e Lazer";"Custeio";"8.333,50";"27";"812";"elaboração"
"134.02.12.2026";"134.02.12.2026";"Batista de Sousa Moreira";"Fortalecimento e ampliação das ações realizadas pela Secretaria de Esportes, Recreação e Lazer";"Investimento";"8.333,00";"27";"812";"elaboração"
"134.03.12.2026";"134.03.12.2026";"Carmônio Gonçalves Bastos";"Fortalecimento e ampliação das ações realizadas pela Secretaria de Esportes, Recreação e Lazer";"Custeio";"16.666,50";"27";"812";"elaboração"
"134.03.12.2026";"134.03.12.2026";"Carmônio Gonçalves Bastos";"Fortalecimento e ampliação das ações realizadas pela Secretaria de Esportes, Recreação e Lazer";"Custeio";"16.666,50";"27";"812";"elaboração"
"134.03.12.2026";"134.03.12.2026";"Carmônio Gonçalves Bastos";"Fortalecimento e ampliação das ações realizadas pela Secretaria de Esportes, Recreação e Lazer";"Investimento";"16.667,00";"27";"812";"elaboração"
"134.10.12.2026";"134.10.12.2026";"Gabriel de Paula Barbosa";"Fortalecimento e ampliação das ações realizadas pela Secretaria de Esportes, Recreação e Lazer";"Custeio";"10.000,00";"27";"812";"elaboração"
"134.10.12.2026";"134.10.12.2026";"Gabriel de Paula Barbosa";"Fortalecimento e ampliação das ações realizadas pela Secretaria de Esportes, Recreação e Lazer";"Custeio";"10.000,00";"27";"812";"elaboração"
"134.10.12.2026";"134.10.12.2026";"Gabriel de Paula Barbosa";"Fortalecimento e ampliação das ações realizadas pela Secretaria de Esportes, Recreação e Lazer";"Investimento";"10.000,00";"27";"812";"elaboração"
"134.12.12.2026";"134.12.12.2026";"Guilherme de Prado Souza";"Fortalecimento e ampliação das ações realizadas pela Secretaria de Esportes, Recreação e Lazer";"Custeio";"16.666,50";"27";"812";"elaboração"
"134.12.12.2026";"134.12.12.2026";"Guilherme de Prado Souza";"Fortalecimento e ampliação das ações realizadas pela Secretaria de Esportes, Recreação e Lazer";"Custeio";"16.666,50";"27";"812";"elaboração"
"134.12.12.2026";"134.12.12.2026";"Guilherme de Prado Souza";"Fortalecimento e ampliação das ações realizadas pela Secretaria de Esportes, Recreação e Lazer";"Investimento";"16.667,00";"27";"812";"elaboração"
"134.19.12.2026";"134.19.12.2026";"Rodrigo Mendes Pascoto";"Fortalecimento e ampliação das ações realizadas pela Secretaria de Esportes, Recreação e Lazer";"Custeio";"16.666,50";"27";"812";"elaboração"
"134.19.12.2026";"134.19.12.2026";"Rodrigo Mendes Pascoto";"Fortalecimento e ampliação das ações realizadas pela Secretaria de Esportes, Recreação e Lazer";"Custeio";"16.666,50";"27";"812";"elaboração"
"134.19.12.2026";"134.19.12.2026";"Rodrigo Mendes Pascoto";"Fortalecimento e ampliação das ações realizadas pela Secretaria de Esportes, Recreação e Lazer";"Investimento";"16.667,00";"27";"812";"elaboração"
"135.01.12.2026";"135.01.12.2026";"Alexandre de Jesus Capriotti";"Fomentar a modalidade handebol em Osasco";"Custeio";"50.000,00";"27";"812";"elaboração"
"135.03.12.2026";"135.03.12.2026";"Carmônio Gonçalves Bastos";"Fomentar a modalidade handebol em Osasco";"Custeio";"50.000,00";"27";"812";"elaboração"
"135.06.12.2026";"135.06.12.2026";"Elsa Natal de Oliveira";"Fomentar a modalidade handebol em Osasco";"Custeio";"20.000,00";"27";"812";"elaboração"
"135.08.12.2026";"135.08.12.2026";"Fabio Chirinhan";"Fomentar a modalidade handebol em Osasco";"Custeio";"60.000,00";"27";"812";"elaboração"
"135.09.12.2026";"135.09.12.2026";"Francisca Jenilúcia Ribeiro de Andrade";"Fomentar a modalidade handebol em Osasco";"Custeio";"95.000,00";"27";"812";"elaboração"
"135.10.12.2026";"135.10.12.2026";"Gabriel de Paula Barbosa";"Fomentar a modalidade handebol em Osasco";"Custeio";"75.000,00";"27";"812";"elaboração"
"135.11.12.2026";"135.11.12.2026";"Gilmeiron Medeiros";"Fomentar a modalidade handebol em Osasco";"Investimento";"200.000,00";"27";"812";"elaboração"
"135.12.12.2026";"135.12.12.2026";"Guilherme de Prado Souza";"Fomentar a modalidade handebol em Osasco";"Custeio";"50.000,00";"27";"812";"elaboração"
"136.01.12.2026";"136.01.12.2026";"Alexandre de Jesus Capriotti";"Fomentar escolinhas de futebol de campo masculino e feminino para crianças e adolescentes";"Custeio";"190.000,00";"27";"812";"elaboração"
"136.03.12.2026";"136.03.12.2026";"Carmônio Gonçalves Bastos";"Fomentar escolinhas de futebol de campo masculino e feminino para crianças e adolescentes";"Custeio";"100.000,00";"27";"812";"elaboração"
"136.06.12.2026";"136.06.12.2026";"Elsa Natal de Oliveira";"Fomentar escolinhas de futebol de campo masculino e feminino para crianças e adolescentes";"Custeio";"50.000,00";"27";"812";"elaboração"
"136.08.12.2026";"136.08.12.2026";"Fabio Chirinhan";"Fomentar escolinhas de futebol de campo masculino e feminino para crianças e adolescentes";"Custeio";"76.668,85";"27";"812";"elaboração"
"136.09.12.2026";"136.09.12.2026";"Francisca Jenilúcia Ribeiro de Andrade";"Fomentar escolinhas de futebol de campo masculino e feminino para crianças e adolescentes";"Custeio";"418.331,15";"27";"812";"elaboração"
"136.10.12.2026";"136.10.12.2026";"Gabriel de Paula Barbosa";"Fomentar escolinhas de futebol de campo masculino e feminino para crianças e adolescentes";"Custeio";"275.000,00";"27";"812";"elaboração"
"136.11.12.2026";"136.11.12.2026";"Gilmeiron Medeiros";"Fomentar escolinhas de futebol de campo masculino e feminino para crianças e adolescentes";"Custeio";"300.000,00";"27";"812";"elaboração"
"137.01.12.2026";"137.01.12.2026";"Alexandre de Jesus Capriotti";"Centro de Excelência de Ginástica de Osasco";"Custeio";"80.000,00";"27";"811";"elaboração"
"137.03.12.2026";"137.03.12.2026";"Carmônio Gonçalves Bastos";"Centro de Excelência de Ginástica de Osasco";"Custeio";"55.000,00";"27";"811";"elaboração"
"137.06.12.2026";"137.06.12.2026";"Elsa Natal de Oliveira";"Centro de Excelência de Ginástica de Osasco";"Custeio";"50.000,00";"27";"811";"elaboração"
"137.08.12.2026";"137.08.12.2026";"Fabio Chirinhan";"Centro de Excelência de Ginástica de Osasco";"Custeio";"79.999,30";"27";"811";"elaboração"
"137.09.12.2026";"137.09.12.2026";"Francisca Jenilúcia Ribeiro de Andrade";"Centro de Excelência de Ginástica de Osasco";"Custeio";"80.000,00";"27";"811";"elaboração"
"137.10.12.2026";"137.10.12.2026";"Gabriel de Paula Barbosa";"Centro de Excelência de Ginástica de Osasco";"Custeio";"123.357,70";"27";"811";"elaboração"
"137.11.12.2026";"137.11.12.2026";"Gilmeiron Medeiros";"Centro de Excelência de Ginástica de Osasco";"Custeio";"150.000,00";"27";"811";"elaboração"
"137.12.12.2026";"137.12.12.2026";"Guilherme de Prado Souza";"Centro de Excelência de Ginástica de Osasco";"Custeio";"50.000,00";"27";"811";"elaboração"
"138.01.09.2026";"138.01.09.2026";"Alexandre de Jesus Capriotti";"Fomentar e aprimorar o sistema de saúde do município, conforme as necessidades";"Custeio";"1.151.667,85";"10";"302";"elaboração"
"138.02.09.2026";"138.02.09.2026";"Batista de Sousa Moreira";"Fomentar e aprimorar o sistema de saúde do município, conforme as necessidades";"Custeio";"900.000,00";"10";"302";"elaboração"
"138.03.09.2026";"138.03.09.2026";"Carmônio Gonçalves Bastos";"Fomentar e aprimorar o sistema de saúde do município, conforme as necessidades";"Custeio";"935.344,25";"10";"302";"elaboração"
"138.04.09.2026";"138.04.09.2026";"Délbio Camargo Teruel";"Fomentar e aprimorar o sistema de saúde do município, conforme as necessidades";"Custeio";"1.000.000,00";"10";"302";"elaboração"
"138.05.09.2026";"138.05.09.2026";"Elania Silva de Lima";"Fomentar e aprimorar o sistema de saúde do município, conforme as necessidades";"Custeio";"1.221.668,85";"10";"302";"elaboração"
"138.06.09.2026";"138.06.09.2026";"Elsa Natal de Oliveira";"Fomentar e aprimorar o sistema de saúde do município, conforme as necessidades";"Custeio";"1.031.668,85";"10";"302";"elaboração"
"138.08.09.2026";"138.08.09.2026";"Fabio Chirinhan";"Fomentar e aprimorar o sistema de saúde do município, conforme as necessidades";"Custeio";"1.031.668,85";"10";"302";"elaboração"
"138.09.09.2026";"138.09.09.2026";"Francisca Jenilúcia Ribeiro de Andrade";"Fomentar e aprimorar o sistema de saúde do município, conforme as necessidades";"Custeio";"1.031.668,85";"10";"302";"elaboração"
"138.10.09.2026";"138.10.09.2026";"Gabriel de Paula Barbosa";"Fomentar e aprimorar o sistema de saúde do município, conforme as necessidades";"Custeio";"761.668,85";"10";"302";"elaboração"
"138.11.09.2026";"138.11.09.2026";"Gilmeiron Medeiros";"Fomentar e aprimorar o sistema de saúde do município, conforme as necessidades";"Custeio";"1.041.668,85";"10";"302";"elaboração"
"138.12.09.2026";"138.12.09.2026";"Guilherme de Prado Souza";"Fomentar e aprimorar o sistema de saúde do município, conforme as necessidades";"Custeio";"240.000,00";"10";"302";"elaboração"
"138.14.09.2026";"138.14.09.2026";"Josias Nascimento de Jesus";"Fomentar e aprimorar o sistema de saúde do município, conforme as necessidades";"Custeio";"1.000.000,00";"10";"302";"elaboração"
"138.15.09.2026";"138.15.09.2026";"Laércio Patrício de Mendonça";"Fomentar e aprimorar o sistema de saúde do município, conforme as necessidades";"Custeio";"990.000,00";"10";"302";"elaboração"
"138.17.09.2026";"138.17.09.2026";"Pedrinho Cantagessi Vitoriano";"Fomentar e aprimorar o sistema de saúde do município, conforme as necessidades";"Custeio";"900.668,85";"10";"302";"elaboração"
"138.18.09.2026";"138.18.09.2026";"Ralfi Rafael da Silva";"Fomentar e aprimorar o sistema de saúde do município, conforme as necessidades";"Custeio";"1.051.668,85";"10";"302";"elaboração"
"138.19.09.2026";"138.19.09.2026";"Rodrigo Mendes Pascoto";"Fomentar e aprimorar o sistema de saúde do município, conforme as necessidades";"Custeio";"251.668,86";"10";"302";"elaboração"
"138.20.09.2026";"138.20.09.2026";"Sergio Augusto Fontellas dos Santos";"Fomentar e aprimorar o sistema de saúde do município, conforme as necessidades";"Custeio";"1.051.668,85";"10";"302";"elaboração"
"138.21.09.2026";"138.21.09.2026";"Stephane Carolina Rossi de Almeida Magdesian";"Fomentar e aprimorar o sistema de saúde do município, conforme as necessidades";"Custeio";"594.668,85";"10";"302";"elaboração"
"139.03.09.2026";"139.03.09.2026";"Carmônio Gonçalves Bastos";"Aquisição de insumos e equipamentos para o centro de especialidades odontologicas";"CUSTEIO";"70.000,00";"";"";"Não Inciada"
"140.13.09.2026";"140.13.09.2026";"Heber Rocha Farias";"Fomentar o atendimento terapeutico multidisciplinar de pessoas diagnosticadas com autismo em Osasco";"Custeio";"116.000,00";"10";"302";"elaboração"
"140.21.09.2026";"140.21.09.2026";"Stephane Carolina Rossi de Almeida Magdesian";"Fomentar o atendimento terapeutico multidisciplinar de pessoas diagnosticadas com autismo em Osasco";"Custeio";"100.000,00";"10";"302";"elaboração"
"141.20.12.2026";"141.20.12.2026";"Sergio Augusto Fontellas dos Santos";"Karatê para o público feminino";"CUSTEIO";"250.000,00";"";"";"Não Inciada"